{
  "project_info": {
    "project_number": "838014617978",
    "firebase_url": "https://todolist-547c5.firebaseio.com",
    "project_id": "todolist-547c5",
    "storage_bucket": "todolist-547c5.appspot.com"
  },
  "client": [
    {
      "client_info": {
        "mobilesdk_app_id": "1:838014617978:android:b6ac781139cf2ca0",
        "android_client_info": {
          "package_name": "com.pankaj.todolist"
        }
      },
      "oauth_client": [
        {
          "client_id": "838014617978-71tj25agd32uf645esqscdinjr648op3.apps.googleusercontent.com",
          "client_type": 1,
          "android_info": {
            "package_name": "com.pankaj.todolist",
            "certificate_hash": "2b3a80fd1915929907bdb498836374d00caeb7ee"
          }
        },
        {
          "client_id": "838014617978-6uf2mt63psc2b61tdoh2pg5hqaigvqmv.apps.googleusercontent.com",
          "client_type": 3
        }
      ],
      "api_key": [
        {
          "current_key": "AIzaSyBLdfeY_apbsyQlEWM44FELb0ACUi1WvDY"
        }
      ],
      "services": {
        "analytics_service": {
          "status": 1
        },
        "appinvite_service": {
          "status": 2,
          "other_platform_oauth_client": [
            {
              "client_id": "838014617978-6uf2mt63psc2b61tdoh2pg5hqaigvqmv.apps.googleusercontent.com",
              "client_type": 3
            }
          ]
        },
        "ads_service": {
          "status": 2
        }
      }
    }
  ],
  "configuration_version": "1"
}